{
  "timestamp": "20260329_155551",
  "n_samples": 50,
  "retrieval_only": false,
  "overall": {
    "faithfulness": null,
    "answer_relevancy": null,
    "context_precision": null,
    "context_recall": null
  },
  "by_industry": {
    "半导体": {
      "faithfulness": 0.673611111111111,
      "answer_relevancy": 0.09788182369026698,
      "context_precision": 0.6666666666,
      "context_recall": 0.6666666666666666
    },
    "互联网电商": {
      "faithfulness": 0.6414462081128748,
      "answer_relevancy": 0.07639140964493944,
      "context_precision": 0.6666666666,
      "context_recall": 0.6666666666666666
    },
    "房地产开发": {
      "faithfulness": 0.7656926406926406,
      "answer_relevancy": 0.2167382841911944,
      "context_precision": 0.6666666666,
      "context_recall": 0.8181818181818182
    },
    "能源金属": {
      "faithfulness": 0.25,
      "answer_relevancy": 0.11456599643245717,
      "context_precision": NaN,
      "context_recall": 0.6
    },
    "电力": {
      "faithfulness": 0.6111111111111112,
      "answer_relevancy": 0.0,
      "context_precision": 0.9999999999,
      "context_recall": 0.6
    },
    "教育": {
      "faithfulness": 0.8333333333333333,
      "answer_relevancy": 0.32992771991153663,
      "context_precision": 0.9347222221488541,
      "context_recall": 0.6666666666666666
    }
  }
}